driver_id,user_id,password_hash,SIN,license_id,average_stars,bank_account_id
af4f0ff3,42f11892,(ev27Sjj(w,296-519-586,XX611008QRUQSMD,1.7,f454858a
5ca87c63,c00d7bfb,ngmO)HlN(6,764-199-664,WG178582TGYONVW,2.6,c485640d
ac74c0fd,98cc3811,D$L2PzwzEG,448-527-283,SZ147831MFXNWUP,1.9,a117e9ae
5ed69ed2,05c83848,I6KwW+*Y$M,524-706-735,FQ936541LVAPZNN,1.5,e4829092
374bba9e,ddaa77ac,s^ZZc2nO)6,170-148-818,CV900544ZKGCWNF,2,96b3b731
5ab0fb67,991cc851,g262NYq(&@,539-845-557,DB589590LXJVGHO,3.8,04007525
908e8a17,e65b8810,2IvtSXhY$P,996-704-826,XP140520MNZEUPY,2.7,62ff19c5
1bd8408f,fffd0fcc,dX@+6jYvnb,399-322-939,UB598644GXRFUJD,4.7,a54c8136
9fcdfe86,a60caab9,VaZczrA9^7,763-706-124,TD790889PFRJNTP,3.9,653ba3eb
030ce0c4,246136be,98z^MJUC*g,371-859-517,LT705178FISMZAL,2.2,6ffd3a3e
d219c619,c73b4771,$$TB*LK3s0,529-589-118,VV800364FNYYVAM,1.8,2d4d7c18
0b6f3715,be9e7069,@c5zxYMoGK,750-509-306,TV049595RTRLMSV,3,eac0c3c3
dc95ac04,620fc19d,26UXX7*j&z,608-268-513,KS991890LFOPELJ,1.3,e5251020
bc59096b,ea94358f,#NAME?,183-239-470,BN795135HZDBBHV,4.7,c06253be
6b8917e8,7915d471,(Cew(Sv69t,316-600-635,ET881427HVDNIIA,3.4,a28f99c0
36204708,aa9150c3,t%%Ly73bHX,372-421-961,TU618683ECXKNPQ,4.6,2a63caf9
7ee827d1,645ee18d,BQDj8snd)+,556-696-386,VZ600348ZAWUWAY,2.6,9127bf05
25c5230b,24fe43d9,!kT&&kikY5,784-548-846,HI852670DNJSRMR,2.2,cc3881f4
39d7aaf0,91ff9f20,+6iQ4aKhs+,487-633-380,ZL237433UOIUIPD,4.3,cd5f26f5
8a4b9676,948f2d5a,&aW9g%+y)9,682-248-529,YO683851BZEDZXS,4.9,8487a6f5
8f4b1145,1c55cadf,jP58dMw9#2,677-718-230,TS973960IDXLJID,1.9,2f21e348
85311b61,c0d57b4d,Tl)V&ITd_4,452-390-796,NG484627RADCUYM,2.3,0fc515c5
e8a11cde,ad408c88,_d%N58Xq78,692-225-807,PE895067ALMCZAJ,1.9,29ae89f5
7c4dbe65,fe20c8a3,1QELRLTz@H,483-426-667,QV418624GPRJMUU,4.1,fa3cbd67
00077755,2443c8ee,Ul3V*k21f$,966-365-504,IO842006RTMZRYT,1.5,7cc2715c
40fe58f9,e967f4e2,G61pEzTe0&,257-966-171,CU473096QABNZXX,2.8,d767acd2
4168f432,52cc4635,VagC$0RQ)6,431-139-763,RF434842WDFLCRU,2.3,35f0040c
5acb1883,3d278c0c,^H1LdGZqbQ,950-364-426,DR656909FTIDAKE,1.5,d893ff2d
15b46cb3,90cef488,y!8A5ecB)T,980-241-455,KR204262SQOCICP,1.5,a2d7e915
731cc592,6e9b2bbc,!$8IEj#B08,794-762-572,AE030071OYKCFFY,4.9,08e4f3a0
29b10939,32b40867,_4GZKr3zaq,453-797-799,UT916927NAWOEKJ,4.2,041aceb1
05fd2784,988014e4,9$xq1NLhW%,277-398-672,HN226253KKKWWJF,3.3,8285f5b6
b522bdd3,4c499a7f,w%0OlRef@q,252-262-283,WB787812OCRCPNX,4.8,00880980
6c09b1ec,536dff53,^aRz#yOpW5,878-680-893,DY966628KKZOEAO,4.9,fac9fbcb
d1196daa,31b7719a,cjO1x$Je+g,739-675-191,DG609540ECJKWRU,2.5,8a393822
f2f2c1f3,b0d93080,(+pw3DJuTn,823-742-357,MS088073GPXKYCO,3.5,373163e0
91b3e210,9189ce9a,$1WT9HLnCl,927-330-431,VP268820NPARKZN,1.1,09525b43
a0e5e6df,8c045a3d,9aQ34_KO(P,680-994-634,ER910984BBUAGSD,3.4,e6864ecd
4860e781,aebfedaa,78gSJdyu(Q,406-584-593,MB860555FZFRHZD,1.1,8855019e
5e484c4c,e154f274,1Hs!9fLoqE,544-424-186,KX086889JLWGHAB,4.2,00ba7cbd
c4861565,85d0fbbe,PooZq8g(^3,433-666-170,UF167047WLQEATY,2.7,24da34f5
39f6286b,076cf775,9P+7JZhAXA,585-926-653,MX198767JACBFIU,3.3,10707606
be1e5eda,e573f4db,)5a2JW3vJe,155-668-814,LU411509NFXCIDR,4.6,c46126da
34856eaf,de122518,9eQ&#Hlq@P,387-525-375,BR362861ONVYXJV,4.9,976eb29b
c14e2e4a,a877d39a,)&2Hz@vfTF,203-483-977,KB209012PSDRRVS,5,c4f19ef4
20bfa604,4b76efec,+8C2_HDz!y,770-336-580,QS226241FCCXAHR,2.4,7564c735
0dc41483,c917f4d5,1tVl!BuQ%M,429-273-804,MS033875YMAWPLE,4.1,877e8233
309179f7,f64fe164,m#vOrzUh&7,352-606-416,AV603120IYUIJCA,3.4,6122b7d9
e460a264,88760a45,tG$D4YOo$*,357-516-588,DS717521RMIRFBG,4.3,61bd6e64
bcdd4654,b0c46891,c1d5NDxiv%,124-483-804,WW196009ILSEVRH,3.4,f5c2ed03
3ca14977,b7242ec1,6h+P6SVR(m,663-770-454,JB819884LVKEMVL,3.7,1d08eeb1
1c58c522,d75dc6a7,!LM877Ao2+,347-873-656,PT444857GNYRGEI,4.4,df8508f7
4e47b117,cab6da1b,S#A9iCujF*,178-906-352,FE875713UYZPWNV,4.9,e789142f
a45e5549,5ec0276b,f*1NZf^lxK,168-123-859,UE721449BIXYXYA,2.9,6859c06c
4bf1b917,3664347a,QZsh6J+d_b,774-954-251,LY721870SXUUHMT,2.3,4422c195
ba2b3e9e,53f962b4,I_l0Q&Rj)P,485-869-624,EM541251WJPELPC,2.3,c1541bda
94dd1ec6,2ae256df,EWZ4OWja(%,513-175-793,XG810029KHVUNPA,2.5,8ed613ea
1a278bcc,3e26790f,(MI5xto61a,506-506-999,BJ405440NVIAJJP,4.8,8d9a04ad
f8134d40,f97070c3,#6CMKSz7#_,313-316-177,QX391587VBZFBCJ,3.4,be64e8a3
6a4a8d8a,ed23885f,!*Nxkh@^&5,289-679-735,CD789248AMDGCDU,1.2,a6c522d4
a3500fe4,1f977dd2,#4dmGREd9W,788-467-698,ES438696SZNFSMI,3.7,9fa6863c
fa4057f1,9d104d17,_Xp2$6Lv2_,134-945-296,KL577929ZHJGXVK,3.8,a6d86f5c
2be2ea95,6a487e9f,*QC4fVgv4@,962-515-751,BF833602XTDMAWZ,3,468fadaa
9cc72f22,5b455707,&e850Kz*$A,802-498-390,PO834914UKRQITP,4.7,b1368d0b
5dc8da32,bb31ac72,b+w0RVkaGH,952-407-664,GB283851SAFZODJ,4.8,ac7e0507
7c867348,67420d66,HoFfH(^y#6,164-705-166,FL153087PTICCPJ,3,4bea129a
89b11da1,3d2381b5,2ciOFzBR%1,568-200-702,MW873023HSBNRDT,1,84f08a7d
e28e331e,1dafec4f,F4UTF6cs^Q,623-266-436,WP844405DWLZQTZ,2.3,87c352f0
bf50e2c5,19d7ef2a,jQXeq0Lm$*,592-327-638,BV843065FCHIKCZ,3.5,378495ff
16b046a5,d9c87276,QT(7VwzVH!,482-729-375,IX078683DWKSANI,4.9,9df1be34
68a298c9,5fd37fdd,ktY10SAi0_,586-874-460,LO643513EFJQXGU,2.3,d2b1d8fc
e2effa14,e4bf6ecd,&CL!3UUbfz,481-286-380,HC987209NDZOGPT,3.9,48eed4e0
38e3d407,83bf8629,0h*1$XgB5n,194-703-186,OY877707QUVDUIM,3.3,805c016f
cfbb4781,b9ccfddf,4*o53HsYoa,759-945-253,QO433333WXXEPIW,3.7,875c0f01
5ede9463,6a94b5c6,M4Y#WFu0%C,621-709-585,XG678799WBOZBXV,2,24e1acbd
79f3156c,dd1db303,bkb*6QtXp0,953-592-543,HJ331164MZJHVEB,1.7,cc03f746
a7d973c7,ad91b7fc,_exh7ETf+1,402-877-585,SG831399LVPZDIQ,2.2,4cc4e49b
d0dc44ba,e73614bd,0Hi)3*Zpf%,301-397-298,AI690159NYHCEEW,2.2,eb51ab73
bab30a58,f165a470,!x1M*LgueU,174-913-897,LF647749YNWFCQN,1.4,960fd9a2
cfa10a0b,35f8b548,Fg8$ZaHG@a,796-176-564,IF449303KZPMYDX,1.8,9c9c59e1
4d4b0423,59fa5b98,atF6r*Rai%,499-570-463,NJ173128HEQPWOK,4.9,cded6db6
324f3664,3d7498f8,sNr2ciPdH*,384-680-127,VU845148FVMUZEP,3.5,68751cf0
dde9825c,276f050b,&eInTu8Op5,652-255-940,GA808241NIDJKDT,3.7,9948a0f0
c1a5cfd0,28b16776,)tTIc9B!b9,258-989-499,PW815842SOOEIGH,1.4,67497c03
f902e1ae,f0f957e2,#NAME?,252-904-298,JR177968WKDXSRC,3.8,e15ffe7a
0a0c42ff,919689f6,^7FDWbSR9f,151-468-644,ER160485ELIRBAF,1.2,52c66d4b
fc1562bb,bf6f19c2,i6Am8dv()Q,651-996-227,EL813978MGUCAXX,1.3,0a3a26cf
51f64160,0dda3e10,(ZnPxXm#91,125-740-259,JQ862546NQFPCCO,2.7,bc031bc2
71b97322,68e3915d,u3PmxPqp@9,191-200-989,SR707635EYKSFQV,3.7,26e21174
ba37b81c,9b979e2c,9!8NJHbj&T,782-470-654,DR395071BCQTSMJ,1.4,8f82b5ce
dfd1a457,2d486135,nDr4LsWn+Y,315-382-774,OB651130DYCXWNA,1.6,b5d4b448
c6ce63d1,066f5f71,l$m10Wej(q,549-252-684,IL839840EHFDDPN,4.2,6db75a16
84e1a371,ed1b1a18,%fI8PfFr7U,124-660-979,MT914944GEVCSGS,2.2,bf9851d9
19292482,169be503,F7WJADby_2,644-987-161,VT293266SKPZRLI,2.7,087c371c
ebe3a62c,ad1a17ba,$41Jed5^NA,665-839-881,JF587771GSYKNON,1.7,e621078d
a5a1ef56,e9afb28f,x(81*G@kkB,230-108-259,EL876830GDUVKNW,2.7,b305a2e9
de4843ee,ca6649b3,!s8DCwf7Cy,547-517-811,XI018065SBOAOYY,2.4,813dfcc4
b83a2c7b,8a790584,!y^a8PNWN%,364-223-877,PD205781TIHJPSP,2.9,e5ef49ff
c54c73ff,957a2bc9,2HLY2b%y@M,820-945-761,PQ666929HLKIDSW,2.3,ac44d566
168fc2e9,9a222dfd,S!&9eCEhO!,256-438-798,SW706268LZCNLNE,4,a3b1e2bb
