payment_method_id,card_number,type,is_default,is_active,expiration_year,expiration_month,customer_id
b7990af3,4444-8768-3472-2598,Credit,FALSE,TRUE,2027,9,529fefd1
7143900e,4908-4135-9169-8091,Debit,TRUE,FALSE,2024,12,320569af
74e6f718,4648-3398-3525-9719,Debit,TRUE,TRUE,2030,7,8a6d1dbd
f7f15bac,4670-4312-2528-7832,Debit,TRUE,TRUE,2028,1,8646cadb
5dd6aa03,4515-1195-5854-4171,Credit,FALSE,FALSE,2026,3,68792762
75619d4d,4149-5789-3528-3384,Debit,FALSE,FALSE,2024,4,8831d764
2f43cc05,4008-2659-4438-8583,Debit,TRUE,TRUE,2024,8,922ae565
8534efe0,4150-5114-4746-6000,Credit,FALSE,FALSE,2030,8,6e93d44b
a40ec21c,4060-8101-9381-5123,Credit,TRUE,TRUE,2025,8,42198816
fef68a2d,4084-4543-5000-9109,Credit,FALSE,FALSE,2024,6,fd1e84a8
88d65be6,4441-5994-4034-4563,Credit,TRUE,FALSE,2025,12,f8b0c605
4fea44aa,4239-3841-8998-3401,Credit,TRUE,FALSE,2025,12,0f6105c0
ca13c3bd,4872-5762-8341-9452,Credit,TRUE,FALSE,2025,11,f47ebbd0
d8b6bda9,4854-2240-6080-8839,Debit,TRUE,TRUE,2030,6,798fe0c8
bc0fbe03,4870-7006-8767-8043,Credit,TRUE,TRUE,2029,4,0ca76b6b
1ad36cbb,4252-9720-8103-4324,Debit,TRUE,TRUE,2025,11,5eb71722
6f23b85d,4406-7881-6994-6313,Debit,TRUE,TRUE,2030,4,f00557f0
26ece078,4085-9313-2413-5104,Debit,FALSE,FALSE,2024,10,7a884b40
4fd20f79,4021-3589-7394-7975,Credit,FALSE,TRUE,2030,4,1c4d2b42
4e420e7b,4716-7170-6920-3701,Debit,FALSE,TRUE,2029,10,3240355b
eaf64aee,4674-5810-7539-4901,Debit,FALSE,TRUE,2026,8,eb93dd60
f36e06e8,4460-5579-2025-6771,Debit,FALSE,TRUE,2024,3,17872a34
bce46f08,4573-5016-2416-6467,Debit,FALSE,FALSE,2026,12,24e53644
41091620,4742-3177-7425-3600,Debit,TRUE,FALSE,2024,12,c1c5e8fe
77e7c4d8,4438-4583-6376-3086,Credit,FALSE,TRUE,2024,4,b65180b3
51b5818d,4484-4909-9765-4323,Debit,TRUE,FALSE,2028,2,c896ecc8
e70b1e81,4730-9035-2091-3130,Credit,FALSE,FALSE,2026,11,59b4d0c6
8e1aa230,4661-4128-9137-1391,Credit,TRUE,TRUE,2029,12,0d962687
bb77713d,4633-7649-3062-6823,Debit,TRUE,TRUE,2026,1,350221d4
3763cc9a,4942-3412-7531-4044,Credit,FALSE,TRUE,2026,8,54aa77f0
d64181b1,4456-7699-4281-7877,Debit,TRUE,FALSE,2026,8,cf7e54f1
c6088e5d,4859-8276-3203-6128,Debit,FALSE,TRUE,2030,12,bfe67446
71a81a5b,4779-3390-9096-5667,Debit,FALSE,TRUE,2030,10,bb81ad9a
0dd442f6,4217-7269-2516-1207,Credit,FALSE,FALSE,2028,5,6c1b5e12
efe18a49,4938-8601-5544-7762,Debit,FALSE,TRUE,2029,12,753772a1
bcd0b661,4846-3346-7771-5103,Credit,FALSE,TRUE,2025,7,ba1d6d07
1a250fa1,4574-7166-7488-7234,Credit,TRUE,FALSE,2030,3,e18890e6
6a86d290,4257-6703-7080-3368,Debit,FALSE,FALSE,2028,3,d6196621
15be083b,4293-5498-1141-4792,Debit,TRUE,FALSE,2029,10,9dac6510
511f630b,4620-4979-7515-4537,Credit,TRUE,FALSE,2029,12,6f3195b3
156a1008,4737-3677-7026-5657,Debit,TRUE,TRUE,2030,4,adb82489
577c1249,4895-5826-2253-6320,Credit,TRUE,TRUE,2024,7,663b4605
69b2f2a6,4713-9536-2915-6681,Credit,FALSE,FALSE,2025,9,311784a9
f6ee67f4,4909-4987-7683-9433,Debit,FALSE,TRUE,2026,2,c0a23b5e
74e8400d,4281-5503-7557-4922,Credit,FALSE,TRUE,2030,12,5c987785
857fa973,4483-1166-4461-4737,Credit,TRUE,FALSE,2028,11,ed1d6fa4
d0225964,4334-8791-9422-4621,Debit,FALSE,TRUE,2026,5,4784e0f3
91e11645,4709-7885-7358-7818,Debit,TRUE,TRUE,2025,9,a93aea5e
c18aacec,4699-2391-7134-7372,Credit,FALSE,FALSE,2030,3,a7e0bfa1
e25b1366,4538-9882-3035-7797,Credit,FALSE,FALSE,2029,4,1aa28da1
6957399d,4129-3089-2266-4084,Credit,FALSE,TRUE,2030,3,3ffc9b7a
45659e93,4664-3877-3034-4224,Debit,TRUE,FALSE,2029,1,538d5c22
17d366d4,4276-4443-6681-7456,Debit,TRUE,FALSE,2025,3,978ae4e2
5229fbd5,4869-9837-3577-7994,Debit,FALSE,FALSE,2029,2,f45f3337
a0ab8c67,4145-2073-3247-5575,Debit,TRUE,FALSE,2025,4,accd5152
0fe494d6,4684-3441-9733-3942,Debit,FALSE,TRUE,2030,2,1798a390
3fa71bd6,4687-9263-6659-3996,Debit,TRUE,FALSE,2024,3,35607098
6b3dae59,4909-6114-6915-4142,Debit,FALSE,FALSE,2027,5,b98297f5
05f9a3ae,4408-9349-2094-6474,Debit,FALSE,FALSE,2030,4,ca38bfb1
970d0d15,4180-8189-3264-4733,Credit,FALSE,TRUE,2025,8,76014890
a112ff98,4286-9372-2508-5841,Debit,FALSE,TRUE,2025,5,4bc16bde
f3b0f5c1,4087-7286-2777-2076,Debit,TRUE,FALSE,2027,12,f28f11b4
2fe97b22,4768-1100-9377-5303,Debit,FALSE,TRUE,2024,7,18fa61dc
e8ae0a13,4638-6068-6318-5811,Credit,FALSE,FALSE,2024,9,7e478d1d
e22e9e0f,4709-5702-1329-7377,Credit,TRUE,FALSE,2028,7,3ce8209a
4db244dc,4982-8943-7890-9693,Credit,FALSE,TRUE,2030,1,ad949fdd
5357ebd0,4404-2267-2412-6377,Debit,FALSE,TRUE,2026,9,7e83d6ab
474f791a,4669-4393-4338-5020,Debit,FALSE,TRUE,2028,11,ea6a4645
ef88a5c6,4148-6237-5193-2804,Credit,TRUE,FALSE,2025,5,20f5ab89
07903294,4948-1004-3690-7605,Credit,TRUE,TRUE,2030,10,5ed33ac4
8f45c3f0,4997-1798-2303-5878,Debit,FALSE,TRUE,2027,6,57d54d7c
25ec24b5,4505-6739-7127-9387,Debit,FALSE,FALSE,2026,1,0d0b5b80
02bdb1e0,4096-6868-3493-2690,Debit,FALSE,FALSE,2024,12,6c2a2dc7
5cdd23ee,4093-1149-6492-2281,Credit,TRUE,FALSE,2029,9,bdf0182b
d7a642c2,4184-6361-1638-1503,Credit,FALSE,TRUE,2026,4,dc6fd3e4
e87eee5e,4164-4515-5894-8380,Credit,TRUE,FALSE,2024,9,d15803f8
53d191a4,4995-3251-7956-1264,Debit,FALSE,FALSE,2029,1,300cf607
6f30d5b4,4514-1909-1986-4872,Debit,TRUE,TRUE,2027,11,1ea4512c
cabcc57c,4417-4017-1222-8779,Credit,FALSE,FALSE,2028,5,49adf30d
c5fb35bb,4332-2092-6094-5415,Debit,TRUE,FALSE,2024,7,26af96d4
a17b9630,4259-6048-2084-3611,Debit,TRUE,TRUE,2025,12,2848c286
ecf8dd84,4291-4075-7403-5739,Credit,TRUE,FALSE,2028,2,b6105b78
0eb7fb2d,4997-3645-6585-4068,Debit,FALSE,FALSE,2029,6,700eb294
4740dab3,4270-7533-9659-6809,Credit,TRUE,TRUE,2024,4,2bd1c576
8e12b7fc,4531-3624-8829-2280,Credit,TRUE,TRUE,2027,11,f3e221f3
92194dd7,4867-9947-6026-2989,Credit,TRUE,TRUE,2029,10,53eb9d55
88cf653a,4606-7745-5106-2851,Debit,TRUE,FALSE,2029,8,a9cb1ff4
3cffffde,4101-7688-9690-7985,Credit,FALSE,FALSE,2028,11,d10f07e5
95d33fd0,4902-4381-6423-5466,Credit,TRUE,FALSE,2025,2,be4f95c6
f5e33049,4305-8854-6732-3238,Credit,TRUE,TRUE,2028,1,98ba0d48
a920441b,4842-1195-5547-7370,Credit,FALSE,TRUE,2028,10,3183b1bc
11a09028,4152-8786-5654-2593,Debit,TRUE,FALSE,2025,9,53a705c9
c9491e3d,4698-2650-5309-1922,Debit,TRUE,TRUE,2028,8,ea90fa69
b4608632,4036-3109-8030-2206,Credit,TRUE,FALSE,2024,5,7a0caf08
87b087a5,4094-6827-4908-7503,Credit,FALSE,TRUE,2026,11,ba25b87f
52e3c2a3,4451-4184-7962-4785,Credit,TRUE,TRUE,2027,9,6b167a5f
970c1322,4921-4937-3124-4492,Credit,TRUE,TRUE,2028,9,f1a17d3c
e7c22717,4979-4615-1749-3214,Debit,TRUE,TRUE,2029,3,b6733a05
8fa4fae2,4789-7083-8470-9205,Credit,FALSE,FALSE,2024,3,3ea3cdc9
5d59433e,4125-7817-5745-7603,Debit,FALSE,TRUE,2028,7,a168bd29
